feature,f_score,p_value
demographic_vo2_max_max,126133182.36121264,1.987526892098926e-131
filtered_demographic_vo2_max_max,123813890.6053729,2.801706766106989e-131
demographic_vo2_max_range,88024621.8594094,1.5434006183962894e-128
filtered_demographic_vo2_max_range,78688082.22507028,1.2284002550646008e-127
in_default_zone_3_range,2504.4189333077916,1.8048386471635206e-44
in_default_zone_3_max,2504.4189333077916,1.8048386471635206e-44
filtered_demographic_vo2_max_std,1238.2891755630826,7.64871235825592e-39
demographic_vo2_max_std,1134.7124640270401,3.7992196716133856e-38
light_sleep_breathing_rate_mean,979.4937127820547,5.632948260738003e-37
deep_sleep_breathing_rate_median,978.268833788,5.7635540702729e-37
rmssd_trend,962.9635009205167,7.693575939414835e-37
coverage_trend,944.0178131227658,1.1070415118329124e-36
light_sleep_breathing_rate_lag1_autocorr,943.9933125233999,1.107567756880584e-36
coverage_median,926.8712253062475,1.548540162107151e-36
rem_sleep_breathing_rate_median,926.4848651787916,1.560405506475054e-36
coverage_lag1_autocorr,924.9701989093022,1.607854107612111e-36
rmssd_min,921.9845791172108,1.7058913851283054e-36
full_sleep_breathing_rate_max,921.9088191405618,1.708459561337422e-36
light_sleep_breathing_rate_range,909.5031952947887,2.1893214299182963e-36
rmssd_lag1_autocorr,907.168989593653,2.2947603604762546e-36
high_frequency_skew,906.6387784766657,2.3194484879278937e-36
rmssd_std,900.3390951008628,2.635173732846334e-36
high_frequency_lag1_autocorr,899.7838116610621,2.6650969591379752e-36
low_frequency_lag1_autocorr,898.6995440573028,2.7245634147095775e-36
rem_sleep_breathing_rate_lag1_autocorr,896.8501575179246,2.8292425796752133e-36
full_sleep_breathing_rate_lag1_autocorr,896.2611017332725,2.8634678825749828e-36
coverage_min,895.4236235914208,2.9128801977999756e-36
high_frequency_trend,894.1482132463422,2.9898650523972037e-36
coverage_kurt,893.5677792677069,3.0256078994009056e-36
deep_sleep_breathing_rate_lag1_autocorr,892.5053340704123,3.092204522829353e-36
low_frequency_trend,889.3274836504714,3.300783920013281e-36
coverage_skew,885.7848625452241,3.550899433242036e-36
light_sleep_breathing_rate_min,885.5397495249279,3.5689281010751625e-36
deep_sleep_breathing_rate_min,878.1951311641278,4.15645179574761e-36
rem_sleep_breathing_rate_mean,875.7809721178236,4.371164880648757e-36
deep_sleep_breathing_rate_range,875.3571555961356,4.410049843286524e-36
rem_sleep_breathing_rate_trend,875.3161881944666,4.413827860458829e-36
light_sleep_breathing_rate_median,874.6749895507078,4.473405893787404e-36
rem_sleep_breathing_rate_min,873.3103161029882,4.6030466280883306e-36
coverage_range,871.6752545812872,4.763607578703824e-36
coverage_max,869.7463885909712,4.960641369475938e-36
light_sleep_breathing_rate_trend,862.3655474102351,5.79762347953863e-36
coverage_var,852.6896941191598,7.126725472002607e-36
rmssd_median,821.5591659858464,1.4069259843718415e-35
full_sleep_breathing_rate_trend,810.5192698987403,1.801719763905107e-35
coverage_std,809.1805286430913,1.856996576031584e-35
full_sleep_breathing_rate_range,806.2584128160073,1.9839543612819397e-35
deep_sleep_breathing_rate_trend,785.8447244402507,3.1702059845650264e-35
light_sleep_breathing_rate_max,673.068726240131,5.361297180239964e-34
full_sleep_breathing_rate_median,639.9231815094062,1.3460934354049138e-33
deep_sleep_breathing_rate_mean,503.01747655245043,1.0726593347601074e-31
coverage_mean,473.5831030018841,3.2021776355856448e-31
rmssd_skew,422.0339706799872,2.579926041869627e-30
filtered_demographic_vo2_max_var,342.0434892701631,1.1422808811738458e-28
demographic_vo2_max_var,316.63248697605263,4.572696281990203e-28
low_frequency_min,302.2587237526184,1.0520766620045444e-27
filtered_demographic_vo2_max_lag1_autocorr,278.0831687016501,4.677881348448304e-27
rem_sleep_breathing_rate_max,246.67278752810446,3.9672319877974983e-26
light_sleep_breathing_rate_spectral_power,214.20988315572154,4.853614419131062e-25
demographic_vo2_max_lag1_autocorr,198.19774258690146,1.9145805563881156e-24
deep_sleep_breathing_rate_spectral_power,161.05590228041498,7.293423323303643e-23
in_default_zone_3_std,128.2369595700048,3.777234967008723e-21
rmssd_range,116.06195118305816,2.0857599831004657e-20
is_weekend_transition_rate,85.3921889705027,3.662920804245681e-18
rem_sleep_breathing_rate_range,81.58430717300833,7.796647762267368e-18
below_default_zone_1_median,78.41683692678164,1.497601031949052e-17
in_default_zone_3_mean,77.58164866725531,1.7858339894967866e-17
pdg_spectral_power,74.81218387739003,3.240865341556975e-17
in_default_zone_3_lag1_autocorr,70.41314114347483,8.703751955940771e-17
in_default_zone_3_trend,63.646607538213786,4.444920869875218e-16
in_default_zone_3_spectral_power,62.95732163549622,5.292108997390161e-16
filtered_demographic_vo2_max_spectral_power,60.51299972776482,9.958779933359098e-16
elevationgain_std,59.468692944076174,1.3135153544194456e-15
filtered_demographic_vo2_max_mean,59.12895747800735,1.4385959290864524e-15
below_default_zone_1_spectral_power,58.32475460377513,1.78743451471474e-15
elevationgain_trend,57.444489315933865,2.273644342109258e-15
activityname_entropy,56.69707615056833,2.7959063972348043e-15
averageheartrate_mean,56.535598275817165,2.9245309612761364e-15
pdg_lag1_autocorr,56.450538254798175,2.994779385304278e-15
below_default_zone_1_lag1_autocorr,56.24191328038237,3.1747141146665906e-15
logtype_prop_manual,55.8895726375261,3.504953815873166e-15
activityname_prop_Run,54.50020614373792,5.205079861462114e-15
demographic_vo2_max_spectral_power,54.45055688052227,5.279990015920928e-15
demographic_vo2_max_mean,54.411209997858045,5.34016288071187e-15
averageheartrate_median,53.393091408873985,7.177216417103964e-15
elevationgain_mean,52.83372701278388,8.460246843752667e-15
manualvaluesspecified_prop_caloriesfalsedistancetruestepsfalse,52.47028205886964,9.421815253386317e-15
elevationgain_skew,52.15984605638123,1.0334359508583363e-14
activityname_prop_Sport,52.1377378239166,1.0402805994111276e-14
in_default_zone_3_var,51.52158883250682,1.2515973787091387e-14
activityname_transition_rate,51.44062365949084,1.2825614241894864e-14
activeduration_skew,51.3155578892869,1.3319879679092226e-14
averageheartrate_min,51.070559266571166,1.4347228409697663e-14
pdg_range,50.921373248591415,1.5013440334744182e-14
below_default_zone_1_mean,50.84236077801102,1.537941685351272e-14
pdg_max,49.91651761759051,2.0442142540904872e-14
elevationgain_min,49.04476803299793,2.6831988934912288e-14
activityname_prop_Walk,48.89305933154832,2.81441692633604e-14
averageheartrate_lag1_autocorr,48.67283619823876,3.017059912769747e-14
revitalization_score_range,48.17509680007083,3.533871897992965e-14
activeduration_lag1_autocorr,46.37832871947865,6.325850673062486e-14
averageheartrate_skew,45.826448454055566,7.592934368703097e-14
revitalization_score_max,45.56160565370736,8.293535098793754e-14
averageheartrate_trend,44.70291729641232,1.1073515757055373e-13
below_default_zone_1_var,42.0248516168192,2.811263095365465e-13
activityname_prop_Workout,41.15117292703602,3.8496736733575346e-13
manualvaluesspecified_prop_caloriesFalsedistanceFalsestepsFalse,40.25537075980525,5.343773054504828e-13
revitalization_score_std,38.780881774208524,9.287597758751955e-13
full_sleep_breathing_rate_var,38.45390177748251,1.0522539779202216e-12
activityname_prop_Weights,38.22882181434415,1.1472409069176682e-12
activityname_prop_AerobicWorkout,37.08299082721165,1.79262756917498e-12
deep_sleep_breathing_rate_skew,35.751431854573596,3.053240827009473e-12
full_sleep_breathing_rate_skew,35.636378772157634,3.1993290893083414e-12
hasgps_transition_rate,35.53669253090359,3.331863035276213e-12
light_sleep_breathing_rate_skew,35.53209726263697,3.3381103113183115e-12
rem_sleep_breathing_rate_kurt,35.27412997232365,3.709396350180077e-12
rem_sleep_breathing_rate_skew,35.16711149423422,3.875976983678459e-12
rem_sleep_breathing_rate_std,35.01903208103821,4.119586677800109e-12
deep_sleep_breathing_rate_var,34.559819860511766,4.983161869739704e-12
logtype_prop_tracker,34.18419729528454,5.831053682665478e-12
revitalization_score_lag1_autocorr,33.82830211608082,6.775513484538329e-12
elevationgain_median,32.80565788695797,1.0501801312886823e-11
full_sleep_breathing_rate_kurt,32.568494835362564,1.1642613189563056e-11
deep_sleep_breathing_rate_std,32.561070212494,1.16803694896132e-11
revitalization_score_spectral_power,32.4178539247575,1.2434481097844764e-11
timeinbed_range,31.213897131806938,2.121947828274178e-11
distance_lag1_autocorr,30.98914202128676,2.3486257941749172e-11
elevationgain_max,30.535594788611775,2.887377790687492e-11
full_sleep_breathing_rate_std,30.370716021366228,3.1142771659373666e-11
timeinbed_max,30.365091319533544,3.122341477077955e-11
revitalization_score_var,30.29092271145109,3.230762030839127e-11
in_default_zone_2_range,30.223813313900326,3.332284481901802e-11
in_default_zone_2_max,30.223813313900326,3.332284481901802e-11
light_sleep_breathing_rate_std,30.222612394628854,3.334131546471814e-11
logtype_transition_rate,28.868462630264116,6.295332831710396e-11
revitalization_score_trend,28.47486336242463,7.60420641793116e-11
below_default_zone_1_trend,28.37357318466229,7.985472071553608e-11
activityname_prop_Swim,27.66766621389995,1.1270530442335447e-10
manualvaluesspecified_transition_rate,27.409605058365027,1.2804111097904253e-10
activityname_prop_Treadmill,27.205466747133876,1.4172553022587865e-10
averageheartrate_kurt,27.030884880540246,1.5465133928778387e-10
in_default_zone_3_median,26.23850335598226,2.3102939851086657e-10
below_default_zone_1_std,26.039345866415278,2.5590379350746825e-10
activityname_prop_Bootcamp,25.19640272741906,3.969994121123605e-10
activityname_prop_Elliptical,25.159347756081257,4.048344752002994e-10
pdg_std,24.97719240297817,4.4579073798918355e-10
manualvaluesspecified_entropy,24.756862707128384,5.012413244964365e-10
infocode_prop_1,24.582751659150347,5.501864615247977e-10
revitalization_score_mean,24.245395027957553,6.599199891002535e-10
in_default_zone_3_skew,24.074274389149497,7.24186296410142e-10
minutesasleep_range,23.92859065224269,7.840960607200956e-10
distance_range,23.812726625264826,8.35464650781025e-10
distance_max,23.812726625264826,8.35464650781025e-10
demographic_vo2_max_trend,23.412505456854266,1.041959055947098e-09
minutesasleep_max,22.826092261051958,1.4470470298074382e-09
in_default_zone_2_std,21.415392753930764,3.2677674382349475e-09
minutesasleep_spectral_power,21.01979800847349,4.1332472633131675e-09
deep_sleep_breathing_rate_kurt,20.719879065677734,4.9489966552963175e-09
value_lag1_autocorr,20.35506142361347,6.1758609047239165e-09
rmssd_max,19.906380803817232,8.139001750370002e-09
in_default_zone_2_spectral_power,19.56717491284872,1.005507407152522e-08
in_default_zone_1_lag1_autocorr,19.52205466726933,1.0343718227280702e-08
in_default_zone_2_lag1_autocorr,19.17090277025667,1.2911480495938361e-08
timeinbed_spectral_power,18.868872444548323,1.5657651129954337e-08
in_default_zone_2_mean,18.62893016696423,1.8275984779959782e-08
minutesawake_spectral_power,18.499071051012674,1.988189440323667e-08
value_max,18.308497747866163,2.2513099199314532e-08
distance_spectral_power,18.09094320414742,2.59714131725679e-08
nightly_temperature_spectral_power,17.743215426512865,3.271011831705497e-08
full_sleep_breathing_rate_min,17.57237853407,3.667399885901952e-08
coverage_spectral_power,17.174831767221484,4.7989138984204386e-08
filtered_demographic_vo2_max_trend,16.662679742074445,6.824990594517084e-08
nightly_temperature_var,16.37323515048391,8.352804081752321e-08
manualvaluesspecified_prop_caloriesfalsedistancefalsestepsfalse,16.112481297363978,1.0038790793022579e-07
in_default_zone_3_kurt,15.848961526388095,1.2110943954922805e-07
demographic_vo2_max_min,15.465896752487373,1.596293300319322e-07
distance_mean,15.409590399601745,1.6629949039762427e-07
filtered_demographic_vo2_max_min,14.164700199153827,4.2086431613786113e-07
hasgps_prop_True,13.810636260596226,5.527728408501193e-07
full_sleep_breathing_rate_mean,13.69456467934052,6.049743911263292e-07
pdg_var,13.576724034390132,6.63309920138132e-07
in_default_zone_2_trend,13.501100241250613,7.038431321260444e-07
value_trend,12.532973656675807,1.5295376486591957e-06
timeinbed_kurt,12.432386617349914,1.6610598390657134e-06
in_default_zone_1_median,12.202964707467443,2.0076201190735503e-06
altitude_spectral_power,11.95767078377795,2.4636881464437417e-06
infocode_prop_0,11.730091769187629,2.984907845436733e-06
activityname_prop_OutdoorBike,11.725212414363016,2.9972783160225076e-06
stress_score_trend,11.502216365533313,3.6243641472551336e-06
infocode_entropy,11.22712698207184,4.5935846711681635e-06
revitalization_score_median,11.097379376196276,5.142092232471522e-06
pdg_min,10.904256252473601,6.089672603021637e-06
temperature_diff_from_baseline_spectral_power,10.841280938354357,6.437052771242686e-06
averageheartrate_std,10.573880646807172,8.161511619202453e-06
exertion_points_mean,10.510290218198396,8.639192339810357e-06
sleep_points_median,10.279004026127893,1.0639938604335877e-05
estrogen_trend,10.17842548874574,1.16569917277167e-05
restlessness_spectral_power,10.09493878403083,1.2578802107405515e-05
value_median,10.011939788896083,1.3571519819575464e-05
minutesasleep_kurt,9.98321257861336,1.3934031651831918e-05
distance_trend,9.894690008023852,1.5116560621078365e-05
in_default_zone_1_spectral_power,9.857835272825325,1.5639584164450818e-05
exertion_points_median,9.782280824222902,1.6772215980952945e-05
type_prop_classic,9.757877642413854,1.715621586366592e-05
type_prop_stages,9.757877642413847,1.7156215863666026e-05
light_sleep_breathing_rate_var,9.673362562736997,1.8559153208459787e-05
status_entropy,9.654197564886852,1.8893760227115082e-05
responsiveness_points_var,9.594870746833369,1.9970375754309988e-05
responsiveness_points_min,9.574373125445845,2.03571860034878e-05
sleep_points_skew,9.533533558804738,2.1151542567338017e-05
responsiveness_points_mean,9.512689549994116,2.1569472230772423e-05
status_prop_READY,9.503166565112446,2.176329255030185e-05
sleep_points_mean,9.501312923235561,2.1801231977222262e-05
responsiveness_points_lag1_autocorr,9.485753568502924,2.2122448141845464e-05
sleep_points_max,9.47080344187966,2.2435777269463762e-05
status_prop_READY_NOT_PREMIUM,9.4650972421464,2.2556596754416985e-05
exertion_points_lag1_autocorr,9.422460428651435,2.3481299690874708e-05
lightly_spectral_power,9.418692807426028,2.356490616326519e-05
status_transition_rate,9.416517987312224,2.3613309551938765e-05
sleep_points_kurt,9.415064023584485,2.3645727658132074e-05
responsiveness_points_max,9.40890889336529,2.3783483906863157e-05
sleep_points_lag1_autocorr,9.408289043478316,2.3797403282727738e-05
activeduration_std,9.404651893578396,2.3879252041254257e-05
calculation_failed_transition_rate,9.375586494760684,2.454405593265895e-05
exertion_points_kurt,9.36284622020591,2.4841568163842805e-05
responsiveness_points_skew,9.334248387823644,2.5523280297467707e-05
calculation_failed_prop_False,9.326900184276026,2.57016030414735e-05
responsiveness_points_trend,9.319753640824594,2.5876288759438247e-05
stress_score_mean,9.30104384679834,2.633955706600948e-05
sleep_points_min,9.277501810958837,2.6934896077350535e-05
status_prop_NO_DATA,9.27631419504208,2.696530123846946e-05
calculation_failed_prop_True,9.276314195038319,2.6965301238565813e-05
exertion_points_trend,9.275613445706048,2.698325864061013e-05
sleep_points_range,9.232681722449682,2.8107764882739106e-05
stress_score_median,9.225168467924316,2.830957188799457e-05
responsiveness_points_std,9.206044606901283,2.8830144746200926e-05
stress_score_range,9.201381028212724,2.8958612504188254e-05
stress_score_skew,9.18043954750636,2.9542950861124606e-05
calculation_failed_entropy,9.178421543774926,2.959991111268542e-05
stress_score_max,9.176281700760358,2.966043653770502e-05
infocode_transition_rate,9.149613709502026,3.042575018177925e-05
stress_score_min,9.106108923087563,3.1719123534259725e-05
distance_skew,9.088872336616195,3.224742907381928e-05
value_mean,9.075794862506374,3.2654424100089603e-05
infrared_to_red_signal_ratio_kurt,9.002080791350899,3.505180728479014e-05
status_prop_IN_PROGRESS,8.988572774370537,3.551082742161076e-05
sleep_points_std,8.918231926880432,3.800538196586981e-05
nightly_temperature_std,8.866915411958548,3.994107892152489e-05
self_report_menstrual_health_literacy_Non-existent,8.809523809523808,4.222926945535889e-05
exertion_points_var,8.68699426988485,4.758803175818104e-05
minutesasleep_skew,8.54459544173018,5.47261053439745e-05
minutesasleep_std,8.489278748259695,5.779493498394321e-05
deep_sleep_in_minutes_spectral_power,8.392869819397628,6.358352538604111e-05
nightly_temperature_trend,8.264223088793214,7.227290797150444e-05
sleep_points_trend,8.257158769506884,7.2784824128778e-05
demographic_vo2_max_kurt,8.192648141399417,7.763966040994722e-05
activeduration_kurt,8.069290204159325,8.78948301507297e-05
altitude_trend,7.904147104683413,0.00010390231416906375
below_default_zone_1_min,7.890934805777976,0.00010530889453418272
elevationgain_lag1_autocorr,7.851639743611303,0.0001096116746852197
composition_score_trend,7.835092920827734,0.00011147842255835188
deep_sleep_breathing_rate_max,7.828624982223094,0.00011221715956902268
averageheartrate_range,7.692665049128007,0.0001289961834714809
responsiveness_points_range,7.669484593111957,0.00013211041866066937
confidence_spectral_power,7.6398471244179635,0.0001362075520943416
timeinbed_std,7.6285202844524465,0.000137808441047762
minutesasleep_var,7.523103539796299,0.0001536905046645951
lightly_max,7.439895046971564,0.00016757967436422243
timeinbed_skew,7.296979645331245,0.00019459748039691977
lightly_range,7.198881170871431,0.00021576270330395054
in_default_zone_2_median,7.119166501827331,0.00023473728652139922
rem_sleep_breathing_rate_spectral_power,6.977571804869779,0.00027288612779744506
activeduration_range,6.94389510622317,0.0002828834857353069
averageheartrate_max,6.918025577537316,0.00029082381054776926
logtype_entropy,6.890505776702562,0.00029952785804146314
value_range,6.867639493389865,0.00030696787202096716
activityname_prop_Golf,6.747197491301431,0.0003494872241413278
stress_prop_VeryLowLittle,6.725592642208595,0.0003577463186388582
deep_sleep_in_minutes_trend,6.650175489293973,0.00038821808671471984
stress_score_lag1_autocorr,6.649227456849476,0.0003886180129332845
exertion_points_std,6.5875080078348525,0.00041560682808129614
bpm_range,6.580497361959015,0.0004187944587521593
bpm_var,6.58016101037279,0.00041894803554937745
temperature_diff_from_baseline_min,6.436774661434286,0.0004901168420548334
minutesasleep_trend,6.381804565884752,0.0005206670078755309
activeduration_max,6.360934228349223,0.0005327830296934226
in_default_zone_2_var,6.222781689883124,0.0006208151791491529
overall_score_spectral_power,6.207279097938986,0.0006316044272767395
timeinbed_var,6.169234722372549,0.0006589231239738091
infrared_to_red_signal_ratio_spectral_power,6.160210256853047,0.0006655832653482849
mainsleep_transition_rate,5.953963841514263,0.0008386798278555139
bpm_spectral_power,5.904606536524552,0.000886718870604928
sedentary_median,5.811070437329928,0.0009858316289210736
minutesasleep_lag1_autocorr,5.792991516510157,0.0010062908949905072
timeinbed_trend,5.743215219373983,0.0010649507629511426
temperature_diff_from_baseline_trend,5.690797363662642,0.0011306082144938849
altitude_lag1_autocorr,5.639884433370885,0.0011984461209426473
temperature_diff_from_baseline_max,5.564372884043958,0.0013070091024065542
nightly_temperature_range,5.553579276890403,0.0013233482669460248
value_spectral_power,5.5360032014432505,0.0013504135588654788
distance_kurt,5.373675015726239,0.001629537190625967
activeduration_var,5.326864134202315,0.0017207832512862408
in_default_zone_1_skew,5.283677925293277,0.00180970689740979
resting_heart_rate_spectral_power,5.27365595733802,0.0018310216475188362
temperature_diff_from_baseline_range,5.2621306145449385,0.0018558586486793888
timeinbed_lag1_autocorr,5.193116216046136,0.0020121420247317767
exertion_points_skew,5.182421442281097,0.0020375653373628506
value_skew,5.170119396343176,0.0020672251623055373
pdg_kurt,5.082410123127178,0.0022922083509403514
value_var,5.066234307461347,0.0023364225185245066
sedentary_mean,5.060054587877025,0.0023535482829896413
below_default_zone_1_skew,4.9494126399281475,0.002683401440112409
restlessness_std,4.787979671929165,0.0032538354068199953
bpm_max,4.728440240930376,0.0034950130948089644
infrared_to_red_signal_ratio_lag1_autocorr,4.728030007452865,0.003496738080774821
infrared_to_red_signal_ratio_std,4.6421216717811244,0.0038782939692065662
efficiency_max,4.625000000000001,0.003959395750818976
bpm_std,4.623024722299796,0.0039688653823049735
mainsleep_prop_False,4.598194843805033,0.004089936871728622
mainsleep_prop_True,4.598194843805033,0.004089936871728622
bpm_trend,4.570609254708884,0.004228973143202293
in_default_zone_1_mean,4.557646980776399,0.004295998808373411
nightly_temperature_median,4.528468355521765,0.004450961006250818
responsiveness_points_spectral_power,4.522035969174598,0.004485899454963288
nightly_temperature_mean,4.379749901473412,0.0053364492896018694
elevationgain_range,4.362307680094574,0.00545172026562244
activeduration_mean,4.337943734646326,0.005617093819443996
mainsleep_entropy,4.311677222424026,0.005801245904049849
duration_score_trend,4.301030391484946,0.0058776704019235
moderately_spectral_power,4.29989824838471,0.0058858585272134525
restlessness_var,4.299613928977524,0.005887916707597529
infrared_to_red_signal_ratio_trend,4.29166919637948,0.005945732472740773
altitude_range,4.258918617614269,0.0061903788408134985
altitude_max,4.258918617614269,0.0061903788408134985
minutesawake_mean,4.232443471188049,0.006395798608341935
revitalization_score_skew,4.15254658020623,0.007059833500741786
minutesawake_std,4.152108221959796,0.007063668405661572
nightly_temperature_min,4.14881503602937,0.0070925476826880565
pdg_mean,4.145579855996831,0.007121037899079367
resting_heart_rate_trend,4.14489500903008,0.007127084173173038
pdg_trend,4.106379500825157,0.007475866417561628
overall_score_mean,4.058096993657795,0.007938328921656796
full_sleep_breathing_rate_spectral_power,4.052211389861983,0.007996702952230728
bpm_min,4.033895467105284,0.008181234153346569
resting_heart_rate_range,3.9992633471507775,0.008542346870868576
restlessness_range,3.9478524991036075,0.009109245416725578
infrared_to_red_signal_ratio_var,3.930094781429785,0.009314023307911848
infocode_prop_2,3.8683992729217795,0.010063425672886948
overall_score_median,3.838290267377084,0.010451627001923527
foodcravings_prop_VeryLowLittle,3.7757548071621536,0.011308387857485051
exertion_points_spectral_power,3.7665071079879633,0.011441138901582793
sleep_points_spectral_power,3.7305379583483553,0.011973042881113932
minutesasleep_mean,3.685172310881106,0.012680687610572032
minutesasleep_median,3.682845881101427,0.012718125330393425
sedentary_trend,3.6709048505241952,0.012912095828964007
composition_score_kurt,3.640682602394911,0.013416849480845462
composition_score_max,3.576710425167052,0.01455385991404962
appetite_prop_High,3.554057250509084,0.014980029223589762
demographic_vo2_max_skew,3.5467975958053564,0.015119320858995592
composition_score_mean,3.5290785492250043,0.015464956392506361
responsiveness_points_kurt,3.458177461423847,0.01693189789445332
stress_prop_Notatall,3.454527355846832,0.017011207154557645
lh_range,3.4481232289484605,0.017151285258845624
in_default_zone_2_skew,3.4413712321127425,0.017300264679403408
lh_max,3.440425159301154,0.01732124593256715
restlessness_trend,3.4387048292544358,0.01735946549669244
composition_score_median,3.437493425896709,0.017386430847177666
in_default_zone_1_min,3.4218551495158467,0.017738446613327248
lh_spectral_power,3.4147552492905118,0.017900688693543814
glucose_value_median,3.4076615411735554,0.01806432168936773
overall_score_max,3.4045322054304092,0.018136997882112774
deep_sleep_in_minutes_max,3.3855775796492753,0.018583709639664055
minutesawake_median,3.3850090774857833,0.018597282069284307
pdg_skew,3.3303600422334148,0.01995098677656257
temperature_diff_from_baseline_lag1_autocorr,3.293069612804799,0.020932782492540714
high_frequency_std,3.265845149417576,0.02168095645660208
estrogen_var,3.2405552178587542,0.02240069294126462
lightly_trend,3.2184034746264185,0.02305135779172292
timeinbed_median,3.2129210287233,0.023215382536347803
glucose_value_mean,3.190219073235636,0.023907495860152717
total_minutes_trend,3.186571151008021,0.024020677869036285
minutesawake_var,3.1800979372332185,0.024222880036306238
timeinbed_mean,3.17725884013275,0.024312116842453286
composition_score_skew,3.126220571603192,0.025975402181516796
glucose_value_min,3.1120878860710985,0.026456381513782486
elevationgain_kurt,3.104346873491763,0.026723709857191774
gender_Non-binary,3.0833333333333335,0.027463500999013443
responsiveness_points_median,3.0800410310058206,0.027581303842820544
confidence_lag1_autocorr,3.079917010518885,0.027585751606095357
sleepissue_prop_VeryLowLittle,3.0796349455893135,0.027595870086760736
timeinbed_min,3.0659851022839937,0.028090121554049486
fatigue_prop_VeryLowLittle,3.0124458800119727,0.03011832309642635
low_frequency_std,2.943765018055598,0.032942530603838865
logtype_prop_auto_detected,2.92643598887683,0.03369716854453188
restlessness_lag1_autocorr,2.90633617594811,0.03459473387822339
high_frequency_mean,2.900523148987063,0.03485886324666716
is_weekend_entropy,2.897444706534242,0.034999576960606175
deep_sleep_in_minutes_range,2.888120633074385,0.035429340137686734
glucose_value_spectral_power,2.875442808155753,0.0360223821736218
overall_score_std,2.863376114744666,0.03659629257798631
overall_score_var,2.8523803098380474,0.03712743161704883
duration_score_std,2.850459653330764,0.03722101410173056
confidence_trend,2.843224008308743,0.03757574144590056
below_default_zone_1_range,2.819329842828017,0.03877195362747154
altitude_std,2.805356196347627,0.03948952242258707
duration_score_var,2.7780294770972613,0.04093234671257368
very_spectral_power,2.7435354159684855,0.042830942035983345
distance_var,2.7407373001984237,0.042988849965419636
altitude_mean,2.7375913735713384,0.04316709715008183
stress_score_var,2.731549266352259,0.04351156328011798
activeduration_trend,2.727820812240261,0.0437255266814326
nightly_temperature_skew,2.7148825812155386,0.04447638514813316
low_frequency_kurt,2.6854732131207864,0.0462325298142054
foodcravings_prop_VeryHigh,2.6629628757289647,0.04762443840769898
altitude_var,2.64936766376134,0.04848573245936318
estrogen_std,2.64826041159978,0.04855657613082007
overall_score_min,2.6452311779053925,0.04875093124777862
nightly_temperature_max,2.6440767255442275,0.048825209413146935
deep_sleep_in_minutes_lag1_autocorr,2.627231338047265,0.04992227822304976
lh_kurt,2.61353412130956,0.05083283031742317
infrared_to_red_signal_ratio_range,2.613110809676065,0.05086123904163982
bloating_prop_VeryLowLittle,2.6106221825085107,0.051028580002677765
estrogen_min,2.608670691260737,0.051160195215540626
deep_sleep_in_minutes_median,2.6055555240586754,0.05137101007157841
is_weekend_prop_False,2.582839007058193,0.05293532633100529
is_weekend_prop_True,2.5828390070581912,0.05293532633100547
minutesawake_kurt,2.5759700243160877,0.05341783232768291
restlessness_max,2.516338669903014,0.05779935044324679
duration_score_min,2.501908378293846,0.05891350590671218
rmssd_spectral_power,2.4895553859263915,0.05988460098383646
infrared_to_red_signal_ratio_max,2.4852443897940364,0.06022731216295378
minutesasleep_min,2.469497131737524,0.06149618749924597
lightly_mean,2.454767377181461,0.06270763605159772
resting_heart_rate_lag1_autocorr,2.4457626675967976,0.06346012818089944
low_frequency_median,2.44147797610705,0.06382139494275306
stress_prop_High,2.4169301254637157,0.06593174156367466
confidence_mean,2.3844307460356835,0.06883489780579884
foodcravings_entropy,2.3545569203623806,0.07161759333356119
value_std,2.3522004863165424,0.07184187517554545
duration_score_range,2.3510635403142417,0.07195034186199471
duration_score_mean,2.3447914595620087,0.07255169280066083
deep_sleep_in_minutes_mean,2.3382241848114624,0.07318679257254916
filtered_demographic_vo2_max_kurt,2.334508977258323,0.07354856375614514
low_frequency_mean,2.329147967687205,0.07407378388205603
stress_score_std,2.293543474708404,0.07765942316961558
fatigue_prop_VeryHigh,2.288277867322655,0.07820438273126691
sleepissue_prop_VeryHigh,2.2863037617344895,0.07840968396875986
distance_std,2.2717893854832947,0.07993592138521398
very_lag1_autocorr,2.265757427238625,0.08057898091755449
sedentary_skew,2.261660889675837,0.08101867819215129
hasgps_entropy,2.2592027892543527,0.08128367550261792
very_trend,2.2522198190096865,0.0820412536800981
moodswing_prop_VeryLowLittle,2.245275986724584,0.0828016387571198
hasgps_prop_False,2.2329568067793066,0.08416815801532884
overall_score_range,2.229450539282539,0.08456122892998197
lh_mean,2.2222044471717,0.08537941705678813
glucose_value_std,2.207999779319715,0.08700650891661092
elevationgain_spectral_power,2.2056020760582724,0.08728421676044082
revitalization_score_min,2.1817800049072344,0.09009220716796446
lightly_std,2.147796289358069,0.09425571736816052
resting_heart_rate_skew,2.1463946549422435,0.09443152338952096
very_max,2.1425645219401805,0.09491361267648121
very_range,2.1425645219401805,0.09491361267648121
confidence_kurt,2.1379711117551774,0.09549502832880469
in_default_zone_1_trend,2.1016067238679055,0.10022560331190834
glucose_value_max,2.071559173095813,0.10431083180667751
minutesawake_trend,2.0712805177899036,0.10434948589872751
estrogen_skew,2.0689196820321434,0.1046775473556143
bpm_mean,2.0586562881193955,0.10611575949752969
very_kurt,2.0563375866812343,0.10644340165193514
lh_median,2.054005139081472,0.10677400475626264
moodswing_entropy,2.0527220728118882,0.10695630429972697
low_frequency_spectral_power,2.0299500508556187,0.11024391897137963
moodswing_prop_Notatall,2.0286349408708917,0.11043683000290416
indigestion_prop_VeryLowLittle,2.0254303685838484,0.11090831224981612
activityname_prop_Bike,2.013686969830679,0.11265329529353724
high_frequency_spectral_power,2.012245055118933,0.11286942905662342
lh_skew,1.9993281158300953,0.11482409627622242
in_default_zone_2_kurt,1.9862270300363696,0.1168410246547035
estrogen_mean,1.9795849356916633,0.11787699741650247
low_frequency_max,1.9540014951598426,0.12195321065855584
restlessness_skew,1.9496390827548067,0.1226621012081319
low_frequency_range,1.9480760367491343,0.12291708880157672
composition_score_std,1.934351390181661,0.1251787424449087
in_default_zone_1_kurt,1.9342880937231341,0.12518926787368892
temperature_diff_from_baseline_median,1.930376231299519,0.12584146703662916
nightly_temperature_lag1_autocorr,1.925945384462339,0.12658425819292982
lh_std,1.9242043404905835,0.12687731499300708
minutesawake_range,1.924004138682548,0.12691105648329498
averageheartrate_spectral_power,1.9153595646063533,0.12837649290362912
restlessness_kurt,1.91019857342671,0.1292593580053394
estrogen_median,1.9094085239837046,0.12939503684305007
moodswing_prop_Moderate,1.9067166940337994,0.129858375540077
value_min,1.90583124125118,0.13001114485844867
minutesawake_max,1.8928317320198944,0.13227453838856834
glucose_value_range,1.8821240375965111,0.13416809825559853
ethnicity_East Asian,1.8795273173726212,0.13463132217965368
age,1.8747119138328396,0.13549451374655647
very_skew,1.858495478258337,0.1384417500388759
confidence_skew,1.8512371531188905,0.13978128969922096
headaches_entropy,1.8486941197162956,0.14025362543392567
foodcravings_transition_rate,1.8443334143863563,0.1410672308387819
exertion_points_min,1.8229289307864596,0.145128631278635
flow_volume_prop_SomewhatHeavy,1.8194271844312686,0.1458039242153315
moodswing_transition_rate,1.8132233816647698,0.14700788056627245
minutesawake_min,1.8116014472055597,0.14732425178777778
elevationgain_var,1.8036628435594204,0.14888240625814553
flow_color_prop_Grey,1.7992079181950593,0.14976387101960617
composition_score_var,1.778164548293364,0.1539972165657368
duration_score_median,1.7712381395723065,0.15541608796135764
composition_score_lag1_autocorr,1.7671688737676536,0.1562556320817507
sleep_points_var,1.7505498362301684,0.1597306363391205
lightly_median,1.7405771160654824,0.16185203282670962
hasactivezoneminutes_transition_rate,1.7326531718448126,0.16355719192829363
flow_color_prop_Black,1.7308938491295571,0.1639381517634132
temperature_diff_from_baseline_mean,1.72608399866511,0.1649840864170836
pdg_median,1.7138595051436025,0.16767172998610524
composition_score_min,1.682479496685766,0.1747673068030253
glucose_value_var,1.659196286212517,0.18021951705576741
altitude_skew,1.6572158283706764,0.1806908081852566
minutesafterwakeup_spectral_power,1.648090596102058,0.18287779490534367
fatigue_prop_Moderate,1.6397460378861797,0.1849000662337615
low_frequency_var,1.6256532903433794,0.18836451587816097
appetite_prop_Notatall,1.6177286658459957,0.1903400577894502
resting_heart_rate_min,1.6160679379696796,0.1907565863542615
stress_score_kurt,1.6053548225453664,0.19346472073474635
fatigue_prop_Notatall,1.5980910111577376,0.19532191953272873
sedentary_var,1.5965730965713274,0.1957121766487069
headaches_transition_rate,1.5705791896373917,0.20251255190829706
overall_score_skew,1.5650819017940671,0.2039794608663311
glucose_value_skew,1.5604405885884605,0.2052258735256792
estrogen_kurt,1.5566603931479792,0.20624641587425602
temperature_diff_from_baseline_std,1.5472695011846616,0.20880272057204732
indigestion_prop_High,1.5453001022353117,0.20934263863907207
total_minutes_spectral_power,1.5365677483291502,0.2117527403934201
foodcravings_prop_Low,1.5242913215705187,0.2151857730901886
restlessness_mean,1.5097188885861623,0.2193296479273631
high_frequency_range,1.491003550683534,0.22476286789922878
high_frequency_max,1.4882768125800365,0.2255650332198868
deep_sleep_in_minutes_std,1.488237004356742,0.22557676425678902
cramps_prop_VeryLowLittle,1.486194910879458,0.22617932181399905
altitude_kurt,1.48099826897443,0.22771956612733366
bloating_entropy,1.4804138769169184,0.22789339480736726
duration_score_max,1.470112517580872,0.2309782279065389
sedentary_std,1.4669589755362593,0.23193044247419808
appetite_prop_Moderate,1.4563113182246616,0.23517294728404065
rmssd_mean,1.4418803180821544,0.23963578809720126
headaches_prop_VeryLowLittle,1.4209705627299798,0.24624358297465418
sorebreasts_prop_VeryLowLittle,1.4168971268692878,0.24755056862699326
temperature_diff_from_baseline_var,1.4117513203116128,0.2492109119862075
infrared_to_red_signal_ratio_skew,1.3902143863415546,0.2562735359912771
moodswing_prop_VeryHigh,1.389528225276504,0.25650158772468407
flow_volume_prop_VeryHeavy,1.3801876662795747,0.25962485058379375
stress_prop_Moderate,1.379432465696792,0.2598789111068964
indigestion_entropy,1.3707643167555412,0.26281158881874966
lh_var,1.3683656162537023,0.2636285459869376
minutesafterwakeup_max,1.367273768096293,0.2640011906643102
minutesafterwakeup_range,1.367273768096293,0.2640011906643102
efficiency_kurt,1.3668835080926576,0.2641345037378148
bpm_median,1.3625573506154103,0.2656165074608979
phase_transition_rate,1.362398143674942,0.26567119338582595
moderately_max,1.3450814412936916,0.27168187584638376
moderately_range,1.3450814412936916,0.27168187584638376
sleepissue_transition_rate,1.3265314386181775,0.27825968687834174
sedentary_kurt,1.3251663408324805,0.278749492612506
indigestion_prop_Notatall,1.3166248534117517,0.28183225577913285
low_frequency_skew,1.313805813799267,0.2828565396747322
sleepissue_prop_Moderate,1.313070870662807,0.2831241378504917
lh_lag1_autocorr,1.304496776600576,0.2862632075061196
nightly_temperature_kurt,1.2981123171812534,0.288621273433158
deep_sleep_in_minutes_var,1.2884812833638373,0.29221201584551254
age_of_first_menarche,1.282586104513064,0.29442995874326805
moodswing_prop_Low,1.2813387043974618,0.29490122770505567
deep_sleep_in_minutes_skew,1.278341383544656,0.2960364243788997
high_frequency_min,1.2624663774862412,0.302115307806213
overall_score_trend,1.2603485652472683,0.30293475967718764
lightly_var,1.2581907465994575,0.30377175912128673
sedentary_lag1_autocorr,1.2483411555634827,0.30761893422283104
revitalization_score_kurt,1.2392544123499931,0.3112070591001667
stress_entropy,1.2385584087940766,0.3114834406509848
restlessness_median,1.2353360152901616,0.3127659251212166
efficiency_trend,1.2266308722985522,0.31625424211962355
activeduration_min,1.2250156204855218,0.31690532938345717
foodcravings_prop_Notatall,1.209915574733102,0.323050232841591
activityname_prop_Tennis,1.2054780690558327,0.3248761730602375
efficiency_skew,1.201496250214945,0.32652242833106493
minutesafterwakeup_mean,1.195438290066627,0.329041285063894
ethnicity_White,1.1918472063854046,0.33054256718228814
bloating_prop_Notatall,1.1902876767866772,0.33119643194396087
fatigue_entropy,1.1848363131689017,0.3334910443617688
activeduration_median,1.1714996237137343,0.3391641593224671
exerciselevel_prop_Moderate,1.1711696341871674,0.33930560218560024
sorebreasts_prop_VeryHigh,1.16946136408426,0.3400386463255099
exerciselevel_entropy,1.1688470194565581,0.3403026115530767
moderately_trend,1.1609235760267915,0.3437232661751389
headaches_prop_High,1.1591165258261271,0.3445076110183238
bloating_transition_rate,1.150023374359466,0.34847833137423495
moderately_mean,1.147233866093693,0.3497044327475219
activityname_prop_Hike,1.1302488707576817,0.35725156560069155
exerciselevel_transition_rate,1.117121303436933,0.36318124673356456
sexually_active_Yes,1.1130705394190874,0.36502806668594634
very_std,1.109541282424361,0.36664372029627457
total_minutes_lag1_autocorr,1.1089198849373032,0.36692882604647237
moderately_lag1_autocorr,1.1009883939531337,0.37058469312901526
moderately_kurt,1.0936758169636185,0.3739829441928591
moderately_skew,1.087572221907934,0.3768397529410201
bloating_prop_Moderate,1.08519663236467,0.3779566830344315
exertion_points_max,1.0780846287871755,0.38131741053153134
composition_score_range,1.0742089203273295,0.38315952283513743
headaches_prop_VeryHigh,1.0552076379865414,0.3923001741349896
fatigue_transition_rate,1.0549824806639558,0.3924095798513362
headaches_prop_Moderate,1.047273585463987,0.3961708840307554
lightly_kurt,1.0469077948940353,0.3963501084475917
efficiency_spectral_power,1.045982286405281,0.3968038781179048
phase_prop_Follicular,1.042979808940957,0.39827896423293907
indigestion_prop_VeryHigh,1.0395502476517076,0.3999694778920546
phase_prop_Luteal,1.0384279326814274,0.40052399335133587
appetite_prop_Low,1.0345386569513848,0.40245057561679676
indigestion_transition_rate,1.0344701449088864,0.4024845826387467
self_report_menstrual_health_literacy_High,1.027777777777778,0.40581797985475165
efficiency_median,1.0190057790142666,0.41022185840277603
glucose_value_kurt,1.0144736054760657,0.4125126074056184
moodswing_prop_High,1.0121105179502696,0.41371118393395295
cramps_prop_Notatall,1.0098578469443755,0.4148564217371437
lightly_lag1_autocorr,0.9980124573570295,0.4209213730939325
bloating_prop_High,0.9932282296364101,0.4233913891055129
infrared_to_red_signal_ratio_min,0.9855363813511008,0.4273872592235276
averageheartrate_var,0.9760998765477313,0.4323311148185227
estrogen_range,0.9734610629539904,0.4337218264858006
filtered_demographic_vo2_max_skew,0.9713651042570225,0.43482900250454004
very_mean,0.964284862972764,0.43858586179703307
lh_trend,0.9628835492696917,0.4393324839582531
high_frequency_median,0.9627932232165144,0.43938064461574067
duration_score_spectral_power,0.9476403825283771,0.4475196003750429
sleepissue_entropy,0.9455394667459756,0.4486574172373018
moderately_median,0.9385845554725183,0.4524403383150921
phase_prop_Fertility,0.936599047449766,0.453524882792248
foodcravings_prop_High,0.9347176762034759,0.4545544235335237
overall_score_kurt,0.9310901835117497,0.456544652744742
flow_volume_prop_Moderate,0.9281381924734787,0.45816928149621206
filtered_demographic_vo2_max_median,0.9208742880543392,0.46218612346354193
sorebreasts_prop_High,0.919026304329494,0.46321237748179334
indigestion_prop_Moderate,0.9081124558076098,0.4693091400172118
resting_heart_rate_std,0.9076770259060246,0.4695536553659665
estrogen_max,0.9072396428917906,0.46979936573613224
value_kurt,0.9020912861428261,0.47269897666418237
activeduration_spectral_power,0.8774161753251938,0.4867851373013484
flow_color_prop_Yellow,0.8745766815419734,0.48842609476496657
self_report_menstrual_health_literacy_Low,0.8723902087832968,0.4896924705193163
minutesafterwakeup_skew,0.8669486370219389,0.49285472698702804
sorebreasts_prop_Notatall,0.8650545219186845,0.49395898665055915
gender_Woman,0.8637706855791962,0.4947084932889285
demographic_vo2_max_median,0.8561621267587849,0.4991675475272843
resting_heart_rate_var,0.8513956622010131,0.5019758986546278
infrared_to_red_signal_ratio_mean,0.8506084239957956,0.5024408352672807
stress_transition_rate,0.8487148369027294,0.5035604530005273
efficiency_mean,0.8438917354927788,0.5064203583632925
sleepissue_prop_High,0.8419320470138665,0.507585717272235
minutesawake_lag1_autocorr,0.8337409572134383,0.5124775209015726
restlessness_min,0.8305133025520376,0.5144143244110745
moderately_std,0.8273519719780628,0.5163163629843808
resting_heart_rate_kurt,0.8266986477892706,0.516710060584784
below_default_zone_1_max,0.8227335092838286,0.5191040284980812
minutesafterwakeup_std,0.8199444086963902,0.5207926295238241
flow_color_prop_Other,0.8174681630537499,0.5222950444659243
logtype_prop_mobile_run,0.8156169653314331,0.5234202015020273
efficiency_lag1_autocorr,0.8106216797992212,0.5264647573128511
resting_heart_rate_max,0.8019708270316311,0.531766282188695
exerciselevel_prop_VeryHigh,0.7870317508972122,0.541007131106845
resting_heart_rate_mean,0.7792904077132152,0.5458379450853292
deep_sleep_in_minutes_kurt,0.7721079883236437,0.5503454989916715
sedentary_max,0.7652849689316386,0.5546500623479544
flow_color_prop_DarkBrownDarkRed,0.759302663652636,0.558442166217245
exertion_points_range,0.7524346854808527,0.5628161725684153
cramps_transition_rate,0.7510767137880398,0.5636835993733218
headaches_prop_2,0.7470794826586198,0.5662418038694028
confidence_median,0.7456726013847678,0.5671439367332902
appetite_prop_VeryHigh,0.7447848192371858,0.5677136722265541
ethnicity_Southeast Asian,0.7365047233468285,0.5730446297246459
bloating_prop_Low,0.7354460231751317,0.5737284777209172
minutesafterwakeup_lag1_autocorr,0.7329248166180647,0.5753590248957363
resting_heart_rate_median,0.7068225836546016,0.5924044814123215
exerciselevel_prop_Notatall,0.7018944900486398,0.5956555661476186
stress_prop_VeryHigh,0.7012837618629235,0.5960591783080411
minutesafterwakeup_trend,0.6939860268478163,0.6008940685432254
overall_score_lag1_autocorr,0.693645437047767,0.6011202548359611
bloating_prop_VeryHigh,0.6902781404979421,0.6033590467426243
temperature_diff_from_baseline_skew,0.6877383408806615,0.6050507319352211
duration_score_kurt,0.6803037902512614,0.6100176495594212
minutesawake_skew,0.6793746497765285,0.6106399505953636
flow_volume_prop_SpottingVeryLight,0.6711368989520324,0.6161721564794016
light_sleep_breathing_rate_kurt,0.6666416786533533,0.6192021424472041
sleepissue_prop_Notatall,0.6586012675324967,0.6246409713042037
exerciselevel_prop_Low,0.6465321987208892,0.6328500187915574
very_median,0.6413624639392711,0.6363824148532652
deep_sleep_in_minutes_min,0.6412910127459929,0.636431302484302
duration_score_lag1_autocorr,0.6398419364147239,0.6374231613552188
rmssd_var,0.6288604961854759,0.6449632350964818
sorebreasts_prop_Moderate,0.624048085436947,0.648280329998451
moderately_var,0.6186174959655526,0.6520326055469193
cramps_entropy,0.6135774154408496,0.655523474497681
in_default_zone_1_range,0.6071629853830619,0.6599776474274741
cramps_prop_Moderate,0.6056747479304617,0.6610128626121605
minutesafterwakeup_kurt,0.6039037465006158,0.6622456288894298
sedentary_spectral_power,0.601757767364324,0.6637406527567749
sedentary_range,0.5935753998721861,0.6694532029314347
total_minutes_std,0.5909164255622984,0.6713136312774862
cramps_prop_Low,0.5880684584697919,0.673308438613458
sedentary_min,0.5707540801749864,0.6854813382715929
very_var,0.5705657065523024,0.6856141823133766
minutesafterwakeup_var,0.5618240905567204,0.6917879055637494
headaches_prop_Notatall,0.5607699060814862,0.6925335744346148
lightly_skew,0.556536540968128,0.6955304118751917
flow_volume_prop_Light,0.5503894598629074,0.6998885788148
minutestofallasleep_trend,0.5444522962806785,0.7041049189610405
sorebreasts_prop_Low,0.5427220969493098,0.7053348671036901
stress_prop_Low,0.5382298190149138,0.7085307601356636
in_default_zone_1_max,0.5380238767645975,0.708677354385254
headaches_prop_3,0.5376156836073905,0.7089679363192641
exerciselevel_prop_High,0.53024344111325,0.7142206747762934
rmssd_kurt,0.5264507596017431,0.7169261995950325
total_minutes_var,0.5144891817166413,0.725471686464959
high_frequency_var,0.5104994396724327,0.7283257586975248
foodcravings_prop_Moderate,0.5016942472374101,0.7346300404968624
total_minutes_skew,0.48213654451556087,0.7486517293554016
sorebreasts_entropy,0.4779668454007859,0.7516430247108388
ethnicity_Caribbean,0.47435897435897445,0.7542314308176081
ethnicity_South Asian,0.47435897435897423,0.7542314308176081
minutestofallasleep_mean,0.47400705643294394,0.7544839106705534
rem_sleep_breathing_rate_var,0.4719043772423648,0.7559924486270959
estrogen_spectral_power,0.4710363314941432,0.7566152079538844
fatigue_prop_High,0.4676513749259496,0.7590435749491902
minutestofallasleep_var,0.46596733173067445,0.7602516265072882
composition_score_spectral_power,0.46487795141023497,0.761033057303125
efficiency_range,0.46147566410874014,0.7634733320354391
cramps_prop_High,0.460875736166351,0.7639035828809314
confidence_var,0.4604674892202738,0.7641963570711972
glucose_value_trend,0.46000337496354904,0.7645291876813547
fatigue_prop_Low,0.45810349413280277,0.7658915462602682
self_report_menstrual_health_literacy_Medium,0.4576128722382325,0.7662433302767166
minutestofallasleep_std,0.4529252094634025,0.7696037666468012
confidence_std,0.45276478376814405,0.769718746163563
duration_score_skew,0.4509682065588083,0.7710062561905335
flow_color_prop_Notatall,0.4480514133321401,0.7730960424061923
sorebreasts_transition_rate,0.4475141726290622,0.7734808816912491
efficiency_min,0.4388905150090449,0.7796544492718634
temperature_diff_from_baseline_kurt,0.42955771155657463,0.7863258564616915
appetite_prop_VeryLow,0.4284913716752634,0.7870873363912709
indigestion_prop_Low,0.4183002108899425,0.7943554213478887
flow_volume_entropy,0.4142083338511461,0.797268247771685
stress_prop_2,0.41338765273038924,0.7978520427663937
sleepissue_prop_Low,0.4072901170543218,0.8021849383408177
infocode_prop_3,0.3761969412996385,0.8241230392947202
headaches_prop_Low,0.37440212400180584,0.8253797464500974
sexually_active_Prefer not to say,0.37000000000000005,0.8284568362168704
total_minutes_kurt,0.3661614211140533,0.8311337079084276
appetite_transition_rate,0.36147573522243265,0.834392954871208
total_minutes_mean,0.3565175274000187,0.8378312289092615
estrogen_lag1_autocorr,0.3552730419000847,0.838692449458124
flow_color_prop_BrightRed,0.33260283088587345,0.8542433827702534
flow_volume_transition_rate,0.3212015933913077,0.861953574181712
flow_volume_prop_SomewhatLight,0.3083125119605238,0.8705671511005251
minutestofallasleep_kurt,0.3037897325084561,0.8735615927764689
flow_volume_prop_Heavy,0.2986339066819394,0.8769562454100182
minutestofallasleep_max,0.29644352914758354,0.8783921174777656
minutestofallasleep_range,0.29644352914758354,0.8783921174777656
minutestofallasleep_lag1_autocorr,0.2738995253639456,0.8929345496413202
activityname_prop_Yoga,0.25976181947380084,0.9018124297239066
stress_prop_1,0.25501253132832097,0.9047486239069061
stress_prop_3,0.2550125313283208,0.9047486239069061
headaches_prop_5,0.2550125313283208,0.9047486239069061
gender_Other,0.25501253132832075,0.9047486239069061
headaches_prop_4,0.25501253132832075,0.9047486239069061
ethnicity_Latina,0.25501253132832075,0.9047486239069061
gender_Prefer not to say,0.25501253132832075,0.9047486239069061
glucose_value_lag1_autocorr,0.252072737542018,0.9065538892824994
cramps_prop_VeryHigh,0.24538928906600013,0.9106221078458758
appetite_entropy,0.2409504044346036,0.9132955866025386
bpm_lag1_autocorr,0.2262464529821061,0.921979778961461
lightly_min,0.2220886450509896,0.9243850792922803
minutestofallasleep_spectral_power,0.22002330203986178,0.9255712697893703
minutestofallasleep_skew,0.21393032644455318,0.9290364763725828
flow_volume_prop_Notatall,0.19454427129426188,0.9397024077200069
ethnicity_Middle Eastern,0.19398454746136864,0.9400018054620389
efficiency_var,0.1897682590531678,0.9422409349405605
lh_min,0.17994762439206885,0.9473424442599206
flow_color_transition_rate,0.1767242023010866,0.9489810039384328
exerciselevel_prop_VeryLow,0.17215951689037468,0.9512699829575378
flow_color_prop_Orange,0.16243205041351624,0.9560210346095422
efficiency_std,0.159607645584006,0.9573671411492498
in_default_zone_1_std,0.1453138337694444,0.9639376017780188
flow_color_prop_Pink,0.1399636118892644,0.9662887401889888
phase_entropy,0.13650969489756803,0.9677739410000391
bpm_skew,0.13509008050221172,0.968376827772143
in_default_zone_1_var,0.13439718039641027,0.9686694771188085
bpm_kurt,0.12448117189301867,0.9727390982923124
flow_color_entropy,0.11050418860289792,0.9780830161243792
high_frequency_kurt,0.1094030545957416,0.9784836674286613
stress_score_spectral_power,0.07964555951961436,0.9880971824328773
below_default_zone_1_kurt,0.03424107086676884,0.9976497381355329
phase_prop_Menstrual,0.028379158642014617,0.9983716388800105
